{
  "original": {
    "strategy": "MeanReversion_Original",
    "total_return": 0.20438294186117825,
    "max_drawdown": 0.17225631879884276,
    "volatility": 0.1797260177937439,
    "sharpe_ratio": 0.3707545817914211,
    "final_value": 120438.29418611783,
    "buy_count": 187,
    "sell_count": 101,
    "total_trades": 288
  },
  "optimized": {
    "strategy": "MeanReversion_Optimized",
    "total_return": 0.14600939645161926,
    "max_drawdown": 0.1543818022181869,
    "volatility": 0.1596244821114019,
    "sharpe_ratio": 0.25020902684854235,
    "final_value": 114600.93964516193,
    "buy_count": 178,
    "sell_count": 56,
    "total_trades": 234
  }
}